queryID,n_prune_user,n_result_user,n_refine_user,ip_cost,io_cost,total_time,memory_index_time,io_time
         0,    283170,        43,        15,    283228,      1024,      0.23,      0.13,      0.10
         1,    283178,        50,         0,    283228,         0,      0.11,      0.11,      0.00
         2,    283178,        50,         0,    283228,         0,      0.10,      0.10,      0.00
         3,    283178,        50,         0,    283228,         0,      0.12,      0.12,      0.00
         4,    283177,        49,         2,    283228,       128,      0.13,      0.11,      0.01
         5,    283178,        50,         0,    283228,         0,      0.11,      0.11,      0.00
         6,    283178,        50,         0,    283228,         0,      0.12,      0.12,      0.00
         7,    283178,        50,         0,    283228,         0,      0.11,      0.11,      0.00
         8,    283178,        50,         0,    283228,         0,      0.13,      0.12,      0.00
         9,    283178,        50,         0,    283228,         0,      0.12,      0.12,      0.00
        10,    283178,        50,         0,    283228,         0,      0.13,      0.13,      0.00
        11,    283177,        47,         4,    283228,       448,      0.13,      0.10,      0.03
        12,    283177,        48,         3,    283228,       256,      0.14,      0.13,      0.01
        13,    283178,        50,         0,    283228,         0,      0.11,      0.11,      0.00
        14,    283178,        50,         0,    283228,         0,      0.11,      0.11,      0.00
        15,    283178,        50,         0,    283228,         0,      0.12,      0.11,      0.00
        16,    283178,        50,         0,    283228,         0,      0.11,      0.11,      0.00
        17,    283177,        49,         2,    283228,       128,      0.13,      0.11,      0.01
        18,    283178,        50,         0,    283228,         0,      0.11,      0.11,      0.00
        19,    283178,        50,         0,    283228,         0,      0.12,      0.11,      0.00
        20,    283178,        50,         0,    283228,         0,      0.12,      0.12,      0.00
        21,    283178,        50,         0,    283228,         0,      0.11,      0.10,      0.00
        22,    283178,        50,         0,    283228,         0,      0.12,      0.11,      0.00
        23,    283178,        50,         0,    283228,         0,      0.12,      0.11,      0.00
        24,    283178,        50,         0,    283228,         0,      0.12,      0.11,      0.00
        25,    283177,        49,         2,    283228,       128,      0.12,      0.10,      0.01
        26,    283177,        49,         2,    283228,       128,      0.13,      0.11,      0.01
        27,    283178,        50,         0,    283228,         0,      0.11,      0.11,      0.00
        28,    283178,        50,         0,    283228,         0,      0.12,      0.12,      0.00
        29,    283176,        47,         5,    283228,       384,      0.13,      0.10,      0.03
        30,    283175,        48,         5,    283228,       320,      0.16,      0.13,      0.03
        31,    283178,        50,         0,    283228,         0,      0.12,      0.12,      0.00
        32,    283177,        49,         2,    283228,       128,      0.12,      0.11,      0.01
        33,    283178,        50,         0,    283228,         0,      0.12,      0.12,      0.00
        34,    283178,        50,         0,    283228,         0,      0.13,      0.13,      0.00
        35,    283178,        50,         0,    283228,         0,      0.12,      0.12,      0.00
        36,    283178,        50,         0,    283228,         0,      0.11,      0.11,      0.00
        37,    283178,        50,         0,    283228,         0,      0.10,      0.10,      0.00
        38,    283177,        49,         2,    283228,       192,      0.12,      0.09,      0.02
        39,    283178,        50,         0,    283228,         0,      0.10,      0.10,      0.00
        40,    283178,        50,         0,    283228,         0,      0.12,      0.12,      0.00
        41,    283177,        49,         2,    283228,       128,      0.13,      0.11,      0.02
        42,    283178,        50,         0,    283228,         0,      0.11,      0.11,      0.00
        43,    283178,        50,         0,    283228,         0,      0.10,      0.10,      0.00
        44,    283178,        50,         0,    283228,         0,      0.10,      0.10,      0.00
        45,    283178,        50,         0,    283228,         0,      0.11,      0.11,      0.00
        46,    283178,        50,         0,    283228,         0,      0.12,      0.12,      0.00
        47,    283178,        50,         0,    283228,         0,      0.12,      0.12,      0.00
        48,    283178,        50,         0,    283228,         0,      0.12,      0.11,      0.00
        49,    283178,        50,         0,    283228,         0,      0.10,      0.10,      0.00
        50,    283176,        48,         4,    283228,       256,      0.15,      0.12,      0.03
        51,    283178,        50,         0,    283228,         0,      0.11,      0.11,      0.00
        52,    283178,        50,         0,    283228,         0,      0.12,      0.12,      0.00
        53,    283178,        50,         0,    283228,         0,      0.11,      0.10,      0.00
        54,    283178,        50,         0,    283228,         0,      0.11,      0.11,      0.00
        55,    283178,        50,         0,    283228,         0,      0.12,      0.12,      0.00
        56,    283178,        50,         0,    283228,         0,      0.10,      0.10,      0.00
        57,    283177,        49,         2,    283228,       192,      0.12,      0.10,      0.02
        58,    283178,        50,         0,    283228,         0,      0.12,      0.12,      0.00
        59,    283178,        50,         0,    283228,         0,      0.10,      0.10,      0.00
        60,    283177,        49,         2,    283228,       128,      0.13,      0.12,      0.01
        61,    283177,        49,         2,    283228,       128,      0.12,      0.11,      0.01
        62,    283175,        48,         5,    283228,       320,      0.16,      0.12,      0.04
        63,    283177,        49,         2,    283228,       192,      0.11,      0.10,      0.01
        64,    283176,        47,         5,    283228,       384,      0.15,      0.13,      0.02
        65,    283178,        50,         0,    283228,         0,      0.11,      0.10,      0.00
        66,    283177,        48,         3,    283228,       192,      0.14,      0.12,      0.02
        67,    283178,        50,         0,    283228,         0,      0.12,      0.11,      0.00
        68,    283178,        50,         0,    283228,         0,      0.12,      0.12,      0.00
        69,    283176,        48,         4,    283228,       256,      0.15,      0.12,      0.03
        70,    283178,        50,         0,    283228,         0,      0.10,      0.10,      0.00
        71,    283178,        50,         0,    283228,         0,      0.12,      0.12,      0.00
        72,    283178,        50,         0,    283228,         0,      0.11,      0.11,      0.00
        73,    283178,        50,         0,    283228,         0,      0.11,      0.11,      0.00
        74,    283178,        50,         0,    283228,         0,      0.11,      0.11,      0.00
        75,    283177,        48,         3,    283228,       192,      0.13,      0.11,      0.02
        76,    283178,        50,         0,    283228,         0,      0.11,      0.11,      0.00
        77,    283178,        50,         0,    283228,         0,      0.11,      0.10,      0.00
        78,    283176,        49,         3,    283228,       192,      0.14,      0.11,      0.02
        79,    283178,        50,         0,    283228,         0,      0.10,      0.10,      0.00
        80,    283178,        50,         0,    283228,         0,      0.12,      0.12,      0.00
        81,    283178,        50,         0,    283228,         0,      0.10,      0.10,      0.00
        82,    283176,        47,         5,    283228,       320,      0.17,      0.12,      0.05
        83,    283178,        50,         0,    283228,         0,      0.10,      0.10,      0.00
        84,    283178,        50,         0,    283228,         0,      0.12,      0.11,      0.00
        85,    283178,        50,         0,    283228,         0,      0.10,      0.10,      0.00
        86,    283178,        50,         0,    283228,         0,      0.11,      0.11,      0.00
        87,    283178,        50,         0,    283228,         0,      0.11,      0.11,      0.00
        88,    283178,        50,         0,    283228,         0,      0.10,      0.10,      0.00
        89,    283178,        50,         0,    283228,         0,      0.09,      0.09,      0.00
        90,    283176,        48,         4,    283228,       256,      0.12,      0.10,      0.03
        91,    283178,        50,         0,    283228,         0,      0.10,      0.10,      0.00
        92,    283178,        50,         0,    283228,         0,      0.11,      0.11,      0.00
        93,    283178,        50,         0,    283228,         0,      0.10,      0.10,      0.00
        94,    283178,        50,         0,    283228,         0,      0.10,      0.10,      0.00
        95,    283177,        48,         3,    283228,       256,      0.13,      0.11,      0.02
        96,    283178,        50,         0,    283228,         0,      0.11,      0.11,      0.00
        97,    283177,        49,         2,    283228,       128,      0.12,      0.11,      0.01
        98,    283176,        48,         4,    283228,       256,      0.16,      0.12,      0.03
        99,    283178,        50,         0,    283228,         0,      0.10,      0.10,      0.00
       100,    283178,        50,         0,    283228,         0,      0.10,      0.10,      0.00
       101,    283178,        50,         0,    283228,         0,      0.10,      0.10,      0.00
       102,    283178,        50,         0,    283228,         0,      0.12,      0.12,      0.00
       103,    283178,        50,         0,    283228,         0,      0.11,      0.11,      0.00
       104,    283177,        49,         2,    283228,       192,      0.12,      0.10,      0.02
       105,    283178,        50,         0,    283228,         0,      0.11,      0.11,      0.00
       106,    283177,        48,         3,    283228,       192,      0.13,      0.11,      0.01
       107,    283178,        50,         0,    283228,         0,      0.11,      0.11,      0.00
       108,    283177,        49,         2,    283228,       128,      0.13,      0.12,      0.01
       109,    283178,        50,         0,    283228,         0,      0.11,      0.11,      0.00
       110,    283178,        50,         0,    283228,         0,      0.12,      0.12,      0.00
       111,    283178,        50,         0,    283228,         0,      0.10,      0.10,      0.00
       112,    283171,        34,        23,    283228,      1472,      0.25,      0.12,      0.13
       113,    283177,        49,         2,    283228,       128,      0.14,      0.12,      0.02
       114,    283176,        47,         5,    283228,       320,      0.16,      0.12,      0.04
       115,    283178,        50,         0,    283228,         0,      0.09,      0.09,      0.00
       116,    283178,        50,         0,    283228,         0,      0.12,      0.12,      0.00
       117,    283178,        50,         0,    283228,         0,      0.11,      0.10,      0.00
       118,    283177,        49,         2,    283228,       128,      0.15,      0.12,      0.02
       119,    283178,        50,         0,    283228,         0,      0.11,      0.10,      0.00
       120,    283177,        49,         2,    283228,       128,      0.13,      0.11,      0.02
       121,    283178,        50,         0,    283228,         0,      0.11,      0.11,      0.00
       122,    283178,        50,         0,    283228,         0,      0.12,      0.12,      0.00
       123,    283177,        49,         2,    283228,       128,      0.14,      0.12,      0.02
       124,    283178,        50,         0,    283228,         0,      0.11,      0.11,      0.00
       125,    283178,        50,         0,    283228,         0,      0.11,      0.11,      0.00
       126,    283178,        50,         0,    283228,         0,      0.13,      0.12,      0.00
       127,    283178,        50,         0,    283228,         0,      0.11,      0.10,      0.00
       128,    283178,        50,         0,    283228,         0,      0.11,      0.11,      0.00
       129,    283178,        50,         0,    283228,         0,      0.11,      0.11,      0.00
       130,    283178,        50,         0,    283228,         0,      0.10,      0.10,      0.00
       131,    283177,        49,         2,    283228,       128,      0.12,      0.11,      0.01
       132,    283177,        49,         2,    283228,       128,      0.13,      0.11,      0.02
       133,    283177,        49,         2,    283228,       128,      0.13,      0.11,      0.01
       134,    283178,        50,         0,    283228,         0,      0.12,      0.12,      0.00
       135,    283178,        50,         0,    283228,         0,      0.12,      0.12,      0.00
       136,    283178,        50,         0,    283228,         0,      0.12,      0.12,      0.00
       137,    283178,        50,         0,    283228,         0,      0.12,      0.12,      0.00
       138,    283178,        50,         0,    283228,         0,      0.12,      0.12,      0.00
       139,    283178,        50,         0,    283228,         0,      0.12,      0.12,      0.00
       140,    283178,        50,         0,    283228,         0,      0.10,      0.10,      0.00
       141,    283178,        50,         0,    283228,         0,      0.10,      0.10,      0.00
       142,    283178,        50,         0,    283228,         0,      0.10,      0.10,      0.00
       143,    283178,        50,         0,    283228,         0,      0.11,      0.11,      0.00
       144,    283175,        49,         4,    283228,       256,      0.24,      0.12,      0.12
       145,    283178,        50,         0,    283228,         0,      0.11,      0.11,      0.00
       146,    283177,        49,         2,    283228,       128,      0.13,      0.11,      0.01
       147,    283178,        50,         0,    283228,         0,      0.11,      0.10,      0.00
       148,    283178,        50,         0,    283228,         0,      0.12,      0.11,      0.00
       149,    283178,        50,         0,    283228,         0,      0.10,      0.09,      0.00
       150,    283178,        50,         0,    283228,         0,      0.12,      0.11,      0.00
       151,    283177,        49,         2,    283228,       128,      0.13,      0.11,      0.02
       152,    283178,        50,         0,    283228,         0,      0.10,      0.10,      0.00
       153,    283178,        50,         0,    283228,         0,      0.12,      0.11,      0.00
       154,    283178,        50,         0,    283228,         0,      0.10,      0.10,      0.00
       155,    283178,        50,         0,    283228,         0,      0.12,      0.12,      0.00
       156,    283178,        50,         0,    283228,         0,      0.12,      0.12,      0.00
       157,    283177,        49,         2,    283228,       128,      0.13,      0.12,      0.02
       158,    283178,        50,         0,    283228,         0,      0.12,      0.12,      0.00
       159,    283177,        48,         3,    283228,       192,      0.14,      0.12,      0.02
       160,    283178,        50,         0,    283228,         0,      0.11,      0.10,      0.00
       161,    283178,        50,         0,    283228,         0,      0.10,      0.10,      0.00
       162,    283178,        50,         0,    283228,         0,      0.12,      0.12,      0.00
       163,    283178,        50,         0,    283228,         0,      0.10,      0.10,      0.00
       164,    283178,        50,         0,    283228,         0,      0.10,      0.10,      0.00
       165,    283178,        50,         0,    283228,         0,      0.10,      0.09,      0.00
       166,    283178,        50,         0,    283228,         0,      0.10,      0.10,      0.00
       167,    283177,        48,         3,    283228,       192,      0.13,      0.11,      0.01
       168,    283178,        50,         0,    283228,         0,      0.11,      0.11,      0.00
       169,    283178,        50,         0,    283228,         0,      0.10,      0.10,      0.00
       170,    283178,        50,         0,    283228,         0,      0.12,      0.12,      0.00
       171,    283177,        49,         2,    283228,       128,      0.13,      0.11,      0.02
       172,    283178,        50,         0,    283228,         0,      0.12,      0.12,      0.00
       173,    283177,        49,         2,    283228,       128,      0.13,      0.11,      0.02
       174,    283178,        50,         0,    283228,         0,      0.13,      0.12,      0.00
       175,    283178,        50,         0,    283228,         0,      0.12,      0.11,      0.00
       176,    283178,        50,         0,    283228,         0,      0.11,      0.11,      0.00
       177,    283178,        50,         0,    283228,         0,      0.10,      0.10,      0.00
       178,    283174,        49,         5,    283228,       384,      0.15,      0.11,      0.03
       179,    283178,        50,         0,    283228,         0,      0.12,      0.12,      0.00
       180,    283178,        50,         0,    283228,         0,      0.12,      0.11,      0.00
       181,    283178,        50,         0,    283228,         0,      0.12,      0.12,      0.00
       182,    283178,        50,         0,    283228,         0,      0.12,      0.12,      0.00
       183,    283178,        50,         0,    283228,         0,      0.11,      0.11,      0.00
       184,    283178,        50,         0,    283228,         0,      0.11,      0.11,      0.00
       185,    283178,        50,         0,    283228,         0,      0.11,      0.11,      0.00
       186,    283178,        50,         0,    283228,         0,      0.11,      0.11,      0.00
       187,    283178,        50,         0,    283228,         0,      0.11,      0.10,      0.00
       188,    283178,        50,         0,    283228,         0,      0.12,      0.12,      0.00
       189,    283178,        50,         0,    283228,         0,      0.10,      0.10,      0.00
       190,    283178,        50,         0,    283228,         0,      0.11,      0.10,      0.00
       191,    283177,        49,         2,    283228,       128,      0.24,      0.12,      0.12
       192,    283178,        50,         0,    283228,         0,      0.10,      0.10,      0.00
       193,    283178,        50,         0,    283228,         0,      0.10,      0.10,      0.00
       194,    283178,        50,         0,    283228,         0,      0.12,      0.12,      0.00
       195,    283177,        49,         2,    283228,       128,      0.13,      0.11,      0.02
       196,    283178,        50,         0,    283228,         0,      0.12,      0.12,      0.00
       197,    283177,        49,         2,    283228,       128,      0.12,      0.11,      0.01
       198,    283176,        48,         4,    283228,       256,      0.15,      0.13,      0.02
       199,    283178,        50,         0,    283228,         0,      0.11,      0.11,      0.00
       200,    283177,        48,         3,    283228,       192,      0.14,      0.12,      0.02
       201,    283178,        50,         0,    283228,         0,      0.12,      0.12,      0.00
       202,    283176,        49,         3,    283228,       192,      0.13,      0.11,      0.02
       203,    283177,        49,         2,    283228,       128,      0.12,      0.10,      0.01
       204,    283178,        50,         0,    283228,         0,      0.12,      0.11,      0.00
       205,    283178,        50,         0,    283228,         0,      0.12,      0.12,      0.00
       206,    283177,        48,         3,    283228,       192,      0.13,      0.11,      0.01
       207,    283178,        50,         0,    283228,         0,      0.11,      0.11,      0.00
       208,    283178,        50,         0,    283228,         0,      0.11,      0.10,      0.00
       209,    283178,        50,         0,    283228,         0,      0.10,      0.10,      0.00
       210,    283178,        50,         0,    283228,         0,      0.11,      0.10,      0.00
       211,    283178,        50,         0,    283228,         0,      0.11,      0.10,      0.00
       212,    283178,        50,         0,    283228,         0,      0.11,      0.11,      0.00
       213,    283178,        50,         0,    283228,         0,      0.12,      0.12,      0.00
       214,    283176,        49,         3,    283228,       192,      0.15,      0.12,      0.03
       215,    283177,        49,         2,    283228,       128,      0.12,      0.10,      0.02
       216,    283178,        50,         0,    283228,         0,      0.12,      0.11,      0.00
       217,    283178,        50,         0,    283228,         0,      0.12,      0.11,      0.00
       218,    283178,        50,         0,    283228,         0,      0.12,      0.12,      0.00
       219,    283177,        49,         2,    283228,       128,      0.12,      0.10,      0.01
       220,    283178,        50,         0,    283228,         0,      0.12,      0.12,      0.00
       221,    283178,        50,         0,    283228,         0,      0.11,      0.11,      0.00
       222,    283178,        50,         0,    283228,         0,      0.11,      0.11,      0.00
       223,    283178,        50,         0,    283228,         0,      0.11,      0.11,      0.00
       224,    283178,        50,         0,    283228,         0,      0.11,      0.11,      0.00
       225,    283178,        50,         0,    283228,         0,      0.12,      0.12,      0.00
       226,    283178,        50,         0,    283228,         0,      0.11,      0.11,      0.00
       227,    283178,        50,         0,    283228,         0,      0.11,      0.10,      0.00
       228,    283178,        50,         0,    283228,         0,      0.12,      0.12,      0.00
       229,    283173,        49,         6,    283228,       384,      0.28,      0.11,      0.16
       230,    283178,        50,         0,    283228,         0,      0.11,      0.11,      0.00
       231,    283178,        50,         0,    283228,         0,      0.10,      0.10,      0.00
       232,    283178,        50,         0,    283228,         0,      0.12,      0.11,      0.00
       233,    283176,        47,         5,    283228,       320,      0.15,      0.12,      0.03
       234,    283178,        50,         0,    283228,         0,      0.09,      0.09,      0.00
       235,    283178,        50,         0,    283228,         0,      0.11,      0.10,      0.00
       236,    283178,        50,         0,    283228,         0,      0.10,      0.10,      0.00
       237,    283177,        49,         2,    283228,       128,      0.13,      0.12,      0.01
       238,    283178,        50,         0,    283228,         0,      0.11,      0.11,      0.00
       239,    283178,        50,         0,    283228,         0,      0.11,      0.11,      0.00
       240,    283178,        50,         0,    283228,         0,      0.11,      0.11,      0.00
       241,    283178,        50,         0,    283228,         0,      0.10,      0.10,      0.00
       242,    283178,        50,         0,    283228,         0,      0.12,      0.12,      0.00
       243,    283176,        31,        21,    283228,      1408,      0.25,      0.12,      0.13
       244,    283173,        47,         8,    283228,       960,      0.15,      0.11,      0.04
       245,    283177,        49,         2,    283228,       128,      0.13,      0.11,      0.02
       246,    283178,        50,         0,    283228,         0,      0.11,      0.10,      0.00
       247,    283178,        50,         0,    283228,         0,      0.11,      0.11,      0.00
       248,    283178,        50,         0,    283228,         0,      0.12,      0.11,      0.00
       249,    283178,        50,         0,    283228,         0,      0.12,      0.12,      0.00
       250,    283178,        50,         0,    283228,         0,      0.13,      0.12,      0.00
       251,    283177,        43,         8,    283228,       512,      0.17,      0.12,      0.05
       252,    283178,        50,         0,    283228,         0,      0.12,      0.11,      0.00
       253,    283177,        49,         2,    283228,       128,      0.12,      0.11,      0.01
       254,    283175,        49,         4,    283228,       256,      0.14,      0.11,      0.02
       255,    283178,        50,         0,    283228,         0,      0.11,      0.11,      0.00
       256,    283177,        49,         2,    283228,       128,      0.12,      0.11,      0.01
       257,    283178,        50,         0,    283228,         0,      0.11,      0.11,      0.00
       258,    283177,        49,         2,    283228,       128,      0.13,      0.11,      0.01
       259,    283178,        50,         0,    283228,         0,      0.10,      0.10,      0.00
       260,    283176,        47,         5,    283228,       320,      0.15,      0.12,      0.03
       261,    283178,        50,         0,    283228,         0,      0.10,      0.10,      0.00
       262,    283177,        49,         2,    283228,       192,      0.11,      0.09,      0.02
       263,    283178,        50,         0,    283228,         0,      0.12,      0.12,      0.00
       264,    283177,        49,         2,    283228,       256,      0.13,      0.11,      0.02
       265,    283178,        50,         0,    283228,         0,      0.12,      0.12,      0.00
       266,    283178,        50,         0,    283228,         0,      0.11,      0.11,      0.00
       267,    283178,        50,         0,    283228,         0,      0.10,      0.10,      0.00
       268,    283178,        50,         0,    283228,         0,      0.11,      0.11,      0.00
       269,    283177,        48,         3,    283228,       192,      0.15,      0.11,      0.03
       270,    283178,        50,         0,    283228,         0,      0.11,      0.10,      0.00
       271,    283177,        49,         2,    283228,       128,      0.13,      0.11,      0.01
       272,    283178,        50,         0,    283228,         0,      0.12,      0.12,      0.00
       273,    283178,        50,         0,    283228,         0,      0.10,      0.10,      0.00
       274,    283178,        50,         0,    283228,         0,      0.11,      0.11,      0.00
       275,    283178,        50,         0,    283228,         0,      0.11,      0.11,      0.00
       276,    283178,        50,         0,    283228,         0,      0.11,      0.11,      0.00
       277,    283177,        49,         2,    283228,       128,      0.12,      0.11,      0.01
       278,    283178,        50,         0,    283228,         0,      0.13,      0.12,      0.00
       279,    283178,        50,         0,    283228,         0,      0.11,      0.11,      0.00
       280,    283178,        50,         0,    283228,         0,      0.10,      0.10,      0.00
       281,    283178,        50,         0,    283228,         0,      0.10,      0.10,      0.00
       282,    283177,        48,         3,    283228,       192,      0.13,      0.11,      0.02
       283,    283177,        49,         2,    283228,       128,      0.13,      0.12,      0.01
       284,    283177,        49,         2,    283228,       128,      0.12,      0.11,      0.01
       285,    283177,        49,         2,    283228,       128,      0.13,      0.12,      0.01
       286,    283178,        50,         0,    283228,         0,      0.11,      0.11,      0.00
       287,    283178,        50,         0,    283228,         0,      0.10,      0.10,      0.00
       288,    283178,        50,         0,    283228,         0,      0.11,      0.11,      0.00
       289,    283178,        50,         0,    283228,         0,      0.11,      0.11,      0.00
       290,    283178,        50,         0,    283228,         0,      0.12,      0.12,      0.00
       291,    283176,        47,         5,    283228,       320,      0.16,      0.13,      0.04
       292,    283178,        50,         0,    283228,         0,      0.12,      0.12,      0.00
       293,    283178,        50,         0,    283228,         0,      0.11,      0.11,      0.00
       294,    283178,        50,         0,    283228,         0,      0.11,      0.11,      0.00
       295,    283178,        50,         0,    283228,         0,      0.10,      0.10,      0.00
       296,    283178,        50,         0,    283228,         0,      0.10,      0.10,      0.00
       297,    283178,        50,         0,    283228,         0,      0.10,      0.10,      0.00
       298,    283176,        49,         3,    283228,       192,      0.13,      0.11,      0.02
       299,    283178,        50,         0,    283228,         0,      0.10,      0.10,      0.00
       300,    283177,        45,         6,    283228,      1472,      0.12,      0.08,      0.03
       301,    283177,        48,         3,    283228,       192,      0.14,      0.12,      0.02
       302,    283175,        47,         6,    283228,       384,      0.16,      0.12,      0.03
       303,    283176,        49,         3,    283228,       192,      0.13,      0.11,      0.01
       304,    283178,        50,         0,    283228,         0,      0.11,      0.11,      0.00
       305,    283178,        50,         0,    283228,         0,      0.10,      0.10,      0.00
       306,    283176,        44,         8,    283228,       576,      0.17,      0.12,      0.05
       307,    283177,        49,         2,    283228,       128,      0.15,      0.10,      0.05
       308,    283177,        49,         2,    283228,       128,      0.14,      0.11,      0.03
       309,    283178,        50,         0,    283228,         0,      0.12,      0.12,      0.00
       310,    283178,        50,         0,    283228,         0,      0.12,      0.12,      0.00
       311,    283177,        49,         2,    283228,       128,      0.14,      0.12,      0.02
       312,    283178,        50,         0,    283228,         0,      0.11,      0.11,      0.00
       313,    283178,        50,         0,    283228,         0,      0.11,      0.11,      0.00
       314,    283178,        50,         0,    283228,         0,      0.12,      0.12,      0.00
       315,    283177,        48,         3,    283228,       192,      0.14,      0.12,      0.02
       316,    283178,        50,         0,    283228,         0,      0.12,      0.12,      0.00
       317,    283173,        49,         6,    283228,       384,      0.14,      0.11,      0.03
       318,    283178,        50,         0,    283228,         0,      0.12,      0.12,      0.00
       319,    283178,        50,         0,    283228,         0,      0.12,      0.11,      0.00
       320,    283178,        50,         0,    283228,         0,      0.12,      0.12,      0.00
       321,    283176,        48,         4,    283228,       640,      0.13,      0.10,      0.03
       322,    283178,        50,         0,    283228,         0,      0.12,      0.12,      0.00
       323,    283177,        49,         2,    283228,       128,      0.12,      0.10,      0.01
       324,    283178,        50,         0,    283228,         0,      0.12,      0.11,      0.00
       325,    283160,        44,        24,    283228,      1536,      0.26,      0.12,      0.13
       326,    283178,        50,         0,    283228,         0,      0.10,      0.09,      0.00
       327,    283178,        50,         0,    283228,         0,      0.10,      0.10,      0.00
       328,    283178,        50,         0,    283228,         0,      0.10,      0.10,      0.00
       329,    283178,        50,         0,    283228,         0,      0.10,      0.10,      0.00
       330,    283177,        49,         2,    283228,       128,      0.12,      0.10,      0.02
       331,    283178,        50,         0,    283228,         0,      0.11,      0.10,      0.00
       332,    283175,        49,         4,    283228,       256,      0.15,      0.12,      0.02
       333,    283178,        50,         0,    283228,         0,      0.11,      0.11,      0.00
       334,    283178,        50,         0,    283228,         0,      0.11,      0.10,      0.00
       335,    283176,        49,         3,    283228,       192,      0.14,      0.12,      0.02
       336,    283178,        50,         0,    283228,         0,      0.12,      0.12,      0.00
       337,    283177,        48,         3,    283228,       192,      0.13,      0.11,      0.01
       338,    283177,        49,         2,    283228,       128,      0.12,      0.10,      0.01
       339,    283177,        49,         2,    283228,       128,      0.13,      0.11,      0.02
       340,    283178,        50,         0,    283228,         0,      0.11,      0.10,      0.00
       341,    283178,        50,         0,    283228,         0,      0.12,      0.11,      0.00
       342,    283176,        47,         5,    283228,       320,      0.16,      0.12,      0.04
       343,    283178,        50,         0,    283228,         0,      0.10,      0.10,      0.00
       344,    283178,        50,         0,    283228,         0,      0.12,      0.12,      0.00
       345,    283178,        50,         0,    283228,         0,      0.10,      0.10,      0.00
       346,    283178,        50,         0,    283228,         0,      0.11,      0.11,      0.00
       347,    283178,        50,         0,    283228,         0,      0.08,      0.08,      0.00
       348,    283178,        50,         0,    283228,         0,      0.12,      0.12,      0.00
       349,    283177,        49,         2,    283228,       128,      0.13,      0.11,      0.01
       350,    283176,        49,         3,    283228,       192,      0.14,      0.11,      0.02
       351,    283178,        50,         0,    283228,         0,      0.11,      0.11,      0.00
       352,    283176,        48,         4,    283228,       256,      0.13,      0.11,      0.02
       353,    283177,        48,         3,    283228,       192,      0.15,      0.13,      0.02
       354,    283177,        49,         2,    283228,       128,      0.12,      0.10,      0.02
       355,    283178,        50,         0,    283228,         0,      0.12,      0.12,      0.00
       356,    283178,        50,         0,    283228,         0,      0.11,      0.10,      0.00
       357,    283178,        50,         0,    283228,         0,      0.11,      0.11,      0.00
       358,    283178,        50,         0,    283228,         0,      0.11,      0.11,      0.00
       359,    283178,        50,         0,    283228,         0,      0.10,      0.09,      0.00
       360,    283178,        50,         0,    283228,         0,      0.11,      0.11,      0.00
       361,    283178,        50,         0,    283228,         0,      0.10,      0.09,      0.00
       362,    283178,        50,         0,    283228,         0,      0.10,      0.09,      0.00
       363,    283178,        50,         0,    283228,         0,      0.12,      0.11,      0.00
       364,    283175,        47,         6,    283228,       448,      0.17,      0.12,      0.05
       365,    283178,        50,         0,    283228,         0,      0.11,      0.11,      0.00
       366,    283178,        50,         0,    283228,         0,      0.11,      0.11,      0.00
       367,    283178,        50,         0,    283228,         0,      0.13,      0.12,      0.00
       368,    283178,        50,         0,    283228,         0,      0.10,      0.10,      0.00
       369,    283176,        47,         5,    283228,       320,      0.16,      0.12,      0.04
       370,    283178,        50,         0,    283228,         0,      0.11,      0.10,      0.00
       371,    283177,        49,         2,    283228,       128,      0.14,      0.12,      0.02
       372,    283177,        49,         2,    283228,       192,      0.13,      0.12,      0.01
       373,    283178,        50,         0,    283228,         0,      0.11,      0.11,      0.00
       374,    283178,        50,         0,    283228,         0,      0.12,      0.12,      0.00
       375,    283178,        50,         0,    283228,         0,      0.11,      0.11,      0.00
       376,    283178,        50,         0,    283228,         0,      0.12,      0.12,      0.00
       377,    283178,        50,         0,    283228,         0,      0.11,      0.11,      0.00
       378,    283178,        50,         0,    283228,         0,      0.12,      0.12,      0.00
       379,    283178,        50,         0,    283228,         0,      0.12,      0.12,      0.00
       380,    283178,        50,         0,    283228,         0,      0.12,      0.12,      0.00
       381,    283178,        50,         0,    283228,         0,      0.10,      0.10,      0.00
       382,    283177,        48,         3,    283228,       192,      0.25,      0.12,      0.13
       383,    283178,        50,         0,    283228,         0,      0.10,      0.09,      0.00
       384,    283177,        47,         4,    283228,       256,      0.14,      0.12,      0.02
       385,    283178,        50,         0,    283228,         0,      0.11,      0.11,      0.00
       386,    283178,        50,         0,    283228,         0,      0.10,      0.10,      0.00
       387,    283178,        50,         0,    283228,         0,      0.11,      0.10,      0.00
       388,    283175,        49,         4,    283228,       256,      0.15,      0.12,      0.03
       389,    283173,        42,        13,    283228,       832,      0.20,      0.11,      0.08
       390,    283178,        50,         0,    283228,         0,      0.11,      0.10,      0.00
       391,    283178,        50,         0,    283228,         0,      0.10,      0.10,      0.00
       392,    283178,        50,         0,    283228,         0,      0.12,      0.11,      0.00
       393,    283178,        50,         0,    283228,         0,      0.10,      0.10,      0.00
       394,    283178,        50,         0,    283228,         0,      0.11,      0.11,      0.00
       395,    283148,        40,        40,    283228,      2560,      0.36,      0.11,      0.24
       396,    283178,        50,         0,    283228,         0,      0.11,      0.11,      0.00
       397,    283178,        50,         0,    283228,         0,      0.12,      0.11,      0.00
       398,    283178,        50,         0,    283228,         0,      0.10,      0.10,      0.00
       399,    283175,        48,         5,    283228,       320,      0.17,      0.12,      0.05
       400,    283178,        50,         0,    283228,         0,      0.11,      0.11,      0.00
       401,    283177,        48,         3,    283228,       192,      0.14,      0.12,      0.02
       402,    283177,        49,         2,    283228,       128,      0.13,      0.11,      0.02
       403,    283178,        50,         0,    283228,         0,      0.10,      0.10,      0.00
       404,    283177,        49,         2,    283228,       128,      0.13,      0.11,      0.02
       405,    283178,        50,         0,    283228,         0,      0.12,      0.12,      0.00
       406,    283177,        46,         5,    283228,       320,      0.15,      0.11,      0.04
       407,    283174,        47,         7,    283228,       448,      0.16,      0.12,      0.04
       408,    283178,        50,         0,    283228,         0,      0.11,      0.11,      0.00
       409,    283176,        49,         3,    283228,       192,      0.13,      0.10,      0.03
       410,    283178,        50,         0,    283228,         0,      0.12,      0.11,      0.00
       411,    283176,        40,        12,    283228,       768,      0.20,      0.12,      0.08
       412,    283176,        49,         3,    283228,       192,      0.12,      0.11,      0.01
       413,    283178,        50,         0,    283228,         0,      0.12,      0.12,      0.00
       414,    283177,        47,         4,    283228,       320,      0.15,      0.11,      0.03
       415,    283176,        44,         8,    283228,      2944,      0.13,      0.09,      0.04
       416,    283177,        48,         3,    283228,       256,      0.12,      0.11,      0.01
       417,    283178,        50,         0,    283228,         0,      0.12,      0.11,      0.00
       418,    283178,        50,         0,    283228,         0,      0.11,      0.11,      0.00
       419,    283176,        28,        24,    283228,      1536,      0.26,      0.10,      0.15
       420,    283174,        49,         5,    283228,       320,      0.15,      0.12,      0.03
       421,    283175,        49,         4,    283228,       256,      0.14,      0.11,      0.03
       422,    283177,        49,         2,    283228,       128,      0.12,      0.11,      0.02
       423,    283178,        50,         0,    283228,         0,      0.11,      0.11,      0.00
       424,    283177,         0,        51,    283228,      3520,      0.42,      0.11,      0.31
       425,    283177,        48,         3,    283228,       192,      0.16,      0.12,      0.03
       426,    283177,        49,         2,    283228,       128,      0.12,      0.10,      0.01
       427,    283177,        49,         2,    283228,       128,      0.12,      0.11,      0.01
       428,    283176,        49,         3,    283228,       192,      0.13,      0.12,      0.01
       429,    283177,        49,         2,    283228,       128,      0.12,      0.10,      0.01
       430,    283178,        50,         0,    283228,         0,      0.11,      0.11,      0.00
       431,    283173,        48,         7,    283228,      1344,      0.13,      0.08,      0.04
       432,    283178,        50,         0,    283228,         0,      0.10,      0.10,      0.00
       433,    283178,        50,         0,    283228,         0,      0.12,      0.12,      0.00
       434,    283178,        50,         0,    283228,         0,      0.11,      0.10,      0.00
       435,    283178,        50,         0,    283228,         0,      0.10,      0.10,      0.00
       436,    283178,        50,         0,    283228,         0,      0.12,      0.11,      0.00
       437,    283176,        49,         3,    283228,       448,      0.12,      0.09,      0.02
       438,    283178,        50,         0,    283228,         0,      0.11,      0.11,      0.00
       439,    283178,        50,         0,    283228,         0,      0.12,      0.11,      0.00
       440,    283177,        49,         2,    283228,       128,      0.11,      0.09,      0.01
       441,    283175,        30,        23,    283228,      1536,      0.25,      0.11,      0.14
       442,    283177,        48,         3,    283228,       192,      0.12,      0.10,      0.02
       443,    283178,        50,         0,    283228,         0,      0.12,      0.12,      0.00
       444,    283178,        50,         0,    283228,         0,      0.12,      0.12,      0.00
       445,    283177,        48,         3,    283228,       192,      0.14,      0.12,      0.02
       446,    283178,        50,         0,    283228,         0,      0.12,      0.11,      0.00
       447,    283177,        47,         4,    283228,       256,      0.14,      0.11,      0.03
       448,    283156,        39,        33,    283228,      2304,      0.33,      0.12,      0.20
       449,    283178,        50,         0,    283228,         0,      0.11,      0.10,      0.00
       450,    283178,        50,         0,    283228,         0,      0.10,      0.10,      0.00
       451,    283178,        50,         0,    283228,         0,      0.11,      0.10,      0.00
       452,    283177,        47,         4,    283228,       256,      0.13,      0.10,      0.03
       453,    283177,        49,         2,    283228,       192,      0.10,      0.08,      0.01
       454,    283177,        49,         2,    283228,       128,      0.13,      0.11,      0.02
       455,    283178,        50,         0,    283228,         0,      0.11,      0.11,      0.00
       456,    283178,        50,         0,    283228,         0,      0.12,      0.12,      0.00
       457,    283178,        50,         0,    283228,         0,      0.11,      0.10,      0.00
       458,    283178,        50,         0,    283228,         0,      0.11,      0.10,      0.00
       459,    283178,        50,         0,    283228,         0,      0.12,      0.12,      0.00
       460,    283178,        50,         0,    283228,         0,      0.11,      0.11,      0.00
       461,    283178,        50,         0,    283228,         0,      0.10,      0.10,      0.00
       462,    283178,        50,         0,    283228,         0,      0.12,      0.11,      0.00
       463,    283178,        50,         0,    283228,         0,      0.10,      0.10,      0.00
       464,    283177,        49,         2,    283228,       128,      0.27,      0.11,      0.16
       465,    283178,        50,         0,    283228,         0,      0.11,      0.10,      0.00
       466,    283178,        50,         0,    283228,         0,      0.12,      0.11,      0.00
       467,    283163,        47,        18,    283228,      1152,      0.24,      0.12,      0.12
       468,    283178,        50,         0,    283228,         0,      0.11,      0.11,      0.00
       469,    283178,        50,         0,    283228,         0,      0.10,      0.10,      0.00
       470,    283177,        49,         2,    283228,       128,      0.13,      0.11,      0.01
       471,    283178,        50,         0,    283228,         0,      0.12,      0.12,      0.00
       472,    283178,        50,         0,    283228,         0,      0.11,      0.11,      0.00
       473,    283178,        50,         0,    283228,         0,      0.11,      0.11,      0.00
       474,    283178,        50,         0,    283228,         0,      0.11,      0.11,      0.00
       475,    283177,        45,         6,    283228,       448,      0.16,      0.11,      0.04
       476,    283177,        48,         3,    283228,       192,      0.13,      0.11,      0.02
       477,    283178,        50,         0,    283228,         0,      0.10,      0.10,      0.00
       478,    283178,        50,         0,    283228,         0,      0.11,      0.11,      0.00
       479,    283178,        50,         0,    283228,         0,      0.12,      0.12,      0.00
       480,    283178,        50,         0,    283228,         0,      0.10,      0.10,      0.00
       481,    283178,        50,         0,    283228,         0,      0.11,      0.10,      0.00
       482,    283178,        50,         0,    283228,         0,      0.10,      0.10,      0.00
       483,    283178,        50,         0,    283228,         0,      0.09,      0.09,      0.00
       484,    283177,        49,         2,    283228,       128,      0.12,      0.10,      0.01
       485,    283178,        50,         0,    283228,         0,      0.12,      0.12,      0.00
       486,    283178,        50,         0,    283228,         0,      0.12,      0.12,      0.00
       487,    283178,        50,         0,    283228,         0,      0.11,      0.11,      0.00
       488,    283178,        50,         0,    283228,         0,      0.13,      0.13,      0.00
       489,    283178,        50,         0,    283228,         0,      0.13,      0.13,      0.00
       490,    283178,        50,         0,    283228,         0,      0.12,      0.12,      0.00
       491,    283178,        50,         0,    283228,         0,      0.11,      0.10,      0.00
       492,    283177,        46,         5,    283228,       320,      0.15,      0.12,      0.03
       493,    283173,        49,         6,    283228,       512,      0.15,      0.12,      0.04
       494,    283178,        50,         0,    283228,         0,      0.12,      0.12,      0.00
       495,    283178,        50,         0,    283228,         0,      0.10,      0.10,      0.00
       496,    283178,        50,         0,    283228,         0,      0.12,      0.11,      0.00
       497,    283178,        50,         0,    283228,         0,      0.10,      0.10,      0.00
       498,    283176,        47,         5,    283228,       320,      0.15,      0.12,      0.03
       499,    283178,        50,         0,    283228,         0,      0.11,      0.11,      0.00
       500,    283178,        50,         0,    283228,         0,      0.10,      0.10,      0.00
       501,    283175,        48,         5,    283228,       640,      0.14,      0.10,      0.04
       502,    283178,        50,         0,    283228,         0,      0.12,      0.11,      0.00
       503,    283177,        49,         2,    283228,       128,      0.12,      0.11,      0.01
       504,    283178,        50,         0,    283228,         0,      0.11,      0.11,      0.00
       505,    283178,        50,         0,    283228,         0,      0.11,      0.11,      0.00
       506,    283177,        49,         2,    283228,       512,      0.10,      0.08,      0.02
       507,    283177,        48,         3,    283228,       192,      0.15,      0.12,      0.02
       508,    283177,        46,         5,    283228,       320,      0.16,      0.12,      0.04
       509,    283172,        28,        28,    283228,      1792,      0.29,      0.11,      0.18
       510,    283176,        49,         3,    283228,       192,      0.13,      0.11,      0.02
       511,    283178,        50,         0,    283228,         0,      0.10,      0.10,      0.00
       512,    283178,        50,         0,    283228,         0,      0.11,      0.11,      0.00
       513,    283178,        50,         0,    283228,         0,      0.10,      0.10,      0.00
       514,    283178,        50,         0,    283228,         0,      0.11,      0.11,      0.00
       515,    283177,        49,         2,    283228,       192,      0.11,      0.10,      0.01
       516,    283178,        50,         0,    283228,         0,      0.12,      0.12,      0.00
       517,    283178,        50,         0,    283228,         0,      0.12,      0.11,      0.00
       518,    283178,        50,         0,    283228,         0,      0.11,      0.11,      0.00
       519,    283178,        50,         0,    283228,         0,      0.10,      0.10,      0.00
       520,    283171,        43,        14,    283228,       896,      0.19,      0.11,      0.08
       521,    283177,        49,         2,    283228,       128,      0.13,      0.11,      0.01
       522,    283178,        50,         0,    283228,         0,      0.13,      0.13,      0.00
       523,    283178,        50,         0,    283228,         0,      0.11,      0.11,      0.00
       524,    283178,        50,         0,    283228,         0,      0.12,      0.12,      0.00
       525,    283177,        48,         3,    283228,       192,      0.14,      0.12,      0.02
       526,    283178,        50,         0,    283228,         0,      0.12,      0.12,      0.00
       527,    283178,        50,         0,    283228,         0,      0.10,      0.10,      0.00
       528,    283177,        49,         2,    283228,       192,      0.12,      0.10,      0.01
       529,    283178,        50,         0,    283228,         0,      0.11,      0.10,      0.00
       530,    283178,        50,         0,    283228,         0,      0.10,      0.10,      0.00
       531,    283178,        50,         0,    283228,         0,      0.10,      0.10,      0.00
       532,    283178,        50,         0,    283228,         0,      0.10,      0.10,      0.00
       533,    283178,        50,         0,    283228,         0,      0.10,      0.10,      0.00
       534,    283178,        50,         0,    283228,         0,      0.11,      0.10,      0.00
       535,    283178,        50,         0,    283228,         0,      0.09,      0.09,      0.00
       536,    283178,        50,         0,    283228,         0,      0.11,      0.11,      0.00
       537,    283178,        50,         0,    283228,         0,      0.09,      0.09,      0.00
       538,    283176,        45,         7,    283228,       448,      0.16,      0.10,      0.05
       539,    283178,        50,         0,    283228,         0,      0.10,      0.09,      0.00
       540,    283177,        49,         2,    283228,       128,      0.12,      0.11,      0.01
       541,    283176,        49,         3,    283228,       192,      0.13,      0.10,      0.02
       542,    283177,        49,         2,    283228,       128,      0.13,      0.11,      0.01
       543,    283176,        49,         3,    283228,       320,      0.13,      0.10,      0.02
       544,    283178,        50,         0,    283228,         0,      0.12,      0.12,      0.00
       545,    283175,        49,         4,    283228,       256,      0.14,      0.11,      0.03
       546,    283178,        50,         0,    283228,         0,      0.13,      0.12,      0.00
       547,    283177,        48,         3,    283228,       448,      0.12,      0.10,      0.03
       548,    283178,        50,         0,    283228,         0,      0.12,      0.12,      0.00
       549,    283177,        49,         2,    283228,       128,      0.12,      0.11,      0.01
       550,    283178,        50,         0,    283228,         0,      0.11,      0.11,      0.00
       551,    283178,        50,         0,    283228,         0,      0.10,      0.09,      0.00
       552,    283178,        50,         0,    283228,         0,      0.09,      0.08,      0.00
       553,    283178,        50,         0,    283228,         0,      0.11,      0.11,      0.00
       554,    283178,        50,         0,    283228,         0,      0.11,      0.11,      0.00
       555,    283178,        50,         0,    283228,         0,      0.11,      0.10,      0.00
       556,    283178,        50,         0,    283228,         0,      0.12,      0.11,      0.00
       557,    283178,        50,         0,    283228,         0,      0.10,      0.10,      0.00
       558,    283177,        49,         2,    283228,       192,      0.12,      0.11,      0.01
       559,    283178,        50,         0,    283228,         0,      0.11,      0.11,      0.00
       560,    283178,        50,         0,    283228,         0,      0.13,      0.12,      0.00
       561,    283177,        49,         2,    283228,       128,      0.12,      0.11,      0.01
       562,    283178,        50,         0,    283228,         0,      0.10,      0.10,      0.00
       563,    283178,        50,         0,    283228,         0,      0.12,      0.12,      0.00
       564,    283178,        50,         0,    283228,         0,      0.12,      0.11,      0.00
       565,    283176,        47,         5,    283228,       320,      0.14,      0.10,      0.03
       566,    283176,        47,         5,    283228,      1280,      0.12,      0.08,      0.03
       567,    282536,        10,       682,    283228,     44928,      3.98,      0.11,      3.86
       568,    283177,        49,         2,    283228,       128,      0.12,      0.10,      0.01
       569,    283172,        49,         7,    283228,       448,      0.17,      0.12,      0.05
       570,    283177,        49,         2,    283228,       128,      0.13,      0.12,      0.01
       571,    283177,        49,         2,    283228,       128,      0.14,      0.13,      0.01
       572,    283176,        47,         5,    283228,       384,      0.14,      0.10,      0.03
       573,    283177,        49,         2,    283228,       128,      0.12,      0.10,      0.01
       574,    283178,        50,         0,    283228,         0,      0.11,      0.11,      0.00
       575,    283176,        48,         4,    283228,       256,      0.14,      0.11,      0.03
       576,    283178,        50,         0,    283228,         0,      0.09,      0.09,      0.00
       577,    283178,        50,         0,    283228,         0,      0.11,      0.11,      0.00
       578,    283177,        49,         2,    283228,       128,      0.13,      0.10,      0.02
       579,    283178,        50,         0,    283228,         0,      0.10,      0.10,      0.00
       580,    283178,        50,         0,    283228,         0,      0.11,      0.11,      0.00
       581,    283178,        50,         0,    283228,         0,      0.11,      0.11,      0.00
       582,    283166,        46,        16,    283228,      1024,      0.23,      0.11,      0.11
       583,    283178,        50,         0,    283228,         0,      0.10,      0.10,      0.00
       584,    283176,        48,         4,    283228,       576,      0.11,      0.08,      0.03
       585,    283178,        50,         0,    283228,         0,      0.10,      0.10,      0.00
       586,    283178,        50,         0,    283228,         0,      0.11,      0.11,      0.00
       587,    283178,        50,         0,    283228,         0,      0.10,      0.10,      0.00
       588,    283178,        50,         0,    283228,         0,      0.11,      0.11,      0.00
       589,    283175,        48,         5,    283228,      1280,      0.12,      0.07,      0.04
       590,    283178,        50,         0,    283228,         0,      0.10,      0.10,      0.00
       591,    283177,        47,         4,    283228,       704,      0.13,      0.10,      0.03
       592,    283177,        49,         2,    283228,       128,      0.12,      0.11,      0.01
       593,    283178,        50,         0,    283228,         0,      0.10,      0.10,      0.00
       594,    283178,        50,         0,    283228,         0,      0.09,      0.09,      0.00
       595,    283178,        50,         0,    283228,         0,      0.09,      0.09,      0.00
       596,    283178,        50,         0,    283228,         0,      0.10,      0.10,      0.00
       597,    283178,        50,         0,    283228,         0,      0.10,      0.10,      0.00
       598,    283178,        50,         0,    283228,         0,      0.09,      0.09,      0.00
       599,    283177,        46,         5,    283228,       320,      0.15,      0.12,      0.03
       600,    283178,        50,         0,    283228,         0,      0.11,      0.10,      0.00
       601,    283177,        49,         2,    283228,       128,      0.13,      0.12,      0.01
       602,    283178,        50,         0,    283228,         0,      0.11,      0.11,      0.00
       603,    283178,        50,         0,    283228,         0,      0.12,      0.12,      0.00
       604,    283178,        50,         0,    283228,         0,      0.11,      0.11,      0.00
       605,    283176,        48,         4,    283228,       256,      0.12,      0.10,      0.02
       606,    283178,        50,         0,    283228,         0,      0.10,      0.10,      0.00
       607,    283178,        50,         0,    283228,         0,      0.09,      0.09,      0.00
       608,    283178,        50,         0,    283228,         0,      0.11,      0.10,      0.00
       609,    283177,        49,         2,    283228,       128,      0.13,      0.12,      0.01
       610,    283176,        44,         8,    283228,       512,      0.19,      0.12,      0.07
       611,    283176,        49,         3,    283228,       768,      0.10,      0.08,      0.01
       612,    283178,        50,         0,    283228,         0,      0.12,      0.11,      0.00
       613,    283178,        50,         0,    283228,         0,      0.10,      0.10,      0.00
       614,    283178,        50,         0,    283228,         0,      0.12,      0.11,      0.00
       615,    283178,        50,         0,    283228,         0,      0.12,      0.12,      0.00
       616,    283178,        50,         0,    283228,         0,      0.10,      0.10,      0.00
       617,    283176,        47,         5,    283228,       384,      0.14,      0.11,      0.03
       618,    283178,        50,         0,    283228,         0,      0.12,      0.11,      0.00
       619,    283176,        49,         3,    283228,       384,      0.10,      0.08,      0.02
       620,    283175,        49,         4,    283228,       256,      0.13,      0.11,      0.02
       621,    283177,        49,         2,    283228,       128,      0.13,      0.11,      0.01
       622,    283178,        50,         0,    283228,         0,      0.08,      0.08,      0.00
       623,    283178,        50,         0,    283228,         0,      0.11,      0.10,      0.00
       624,    283178,        50,         0,    283228,         0,      0.09,      0.09,      0.00
       625,    283177,        45,         6,    283228,      1600,      0.11,      0.08,      0.03
       626,    283177,        49,         2,    283228,       128,      0.13,      0.12,      0.01
       627,    283178,        50,         0,    283228,         0,      0.13,      0.12,      0.00
       628,    283178,        50,         0,    283228,         0,      0.11,      0.11,      0.00
       629,    283178,        50,         0,    283228,         0,      0.10,      0.10,      0.00
       630,    283176,        49,         3,    283228,       256,      0.13,      0.10,      0.02
       631,    283178,        50,         0,    283228,         0,      0.11,      0.11,      0.00
       632,    283178,        50,         0,    283228,         0,      0.11,      0.10,      0.00
       633,    283177,        49,         2,    283228,       128,      0.11,      0.10,      0.01
       634,    283178,        50,         0,    283228,         0,      0.11,      0.10,      0.00
       635,    283177,        49,         2,    283228,       128,      0.13,      0.12,      0.01
       636,    283174,        49,         5,    283228,       320,      0.15,      0.12,      0.03
       637,    283178,        50,         0,    283228,         0,      0.11,      0.11,      0.00
       638,    283178,        50,         0,    283228,         0,      0.10,      0.10,      0.00
       639,    283178,        50,         0,    283228,         0,      0.11,      0.10,      0.00
       640,    283175,        49,         4,    283228,       256,      0.14,      0.12,      0.02
       641,    283178,        50,         0,    283228,         0,      0.10,      0.10,      0.00
       642,    283178,        50,         0,    283228,         0,      0.11,      0.10,      0.00
       643,    283177,        49,         2,    283228,       128,      0.13,      0.11,      0.02
       644,    283178,        50,         0,    283228,         0,      0.11,      0.10,      0.00
       645,    283178,        50,         0,    283228,         0,      0.09,      0.09,      0.00
       646,    283178,        50,         0,    283228,         0,      0.10,      0.10,      0.00
       647,    283178,        50,         0,    283228,         0,      0.10,      0.10,      0.00
       648,    283164,        49,        15,    283228,      6528,      0.17,      0.08,      0.09
       649,    283178,        50,         0,    283228,         0,      0.12,      0.11,      0.00
       650,    283178,        50,         0,    283228,         0,      0.11,      0.11,      0.00
       651,    283178,        50,         0,    283228,         0,      0.11,      0.11,      0.00
       652,    283178,        50,         0,    283228,         0,      0.09,      0.09,      0.00
       653,    283178,        50,         0,    283228,         0,      0.11,      0.11,      0.00
       654,    283178,        50,         0,    283228,         0,      0.10,      0.10,      0.00
       655,    283177,        49,         2,    283228,       128,      0.12,      0.11,      0.01
       656,    283178,        50,         0,    283228,         0,      0.09,      0.08,      0.00
       657,    283178,        50,         0,    283228,         0,      0.09,      0.09,      0.00
       658,    283178,        50,         0,    283228,         0,      0.10,      0.10,      0.00
       659,    283178,        50,         0,    283228,         0,      0.09,      0.09,      0.00
       660,    283178,        50,         0,    283228,         0,      0.11,      0.11,      0.00
       661,    283176,        49,         3,    283228,       192,      0.14,      0.12,      0.02
       662,    283178,        50,         0,    283228,         0,      0.12,      0.12,      0.00
       663,    283178,        50,         0,    283228,         0,      0.12,      0.11,      0.00
       664,    283178,        50,         0,    283228,         0,      0.10,      0.10,      0.00
       665,    283178,        50,         0,    283228,         0,      0.09,      0.09,      0.00
       666,    283176,        49,         3,    283228,       192,      0.14,      0.12,      0.03
       667,    283177,        49,         2,    283228,       128,      0.14,      0.12,      0.02
       668,    283176,        49,         3,    283228,       448,      0.10,      0.08,      0.02
       669,    283175,        49,         4,    283228,       256,      0.14,      0.11,      0.03
       670,    283178,        50,         0,    283228,         0,      0.11,      0.11,      0.00
       671,    283178,        50,         0,    283228,         0,      0.10,      0.10,      0.00
       672,    283177,        49,         2,    283228,       128,      0.11,      0.10,      0.01
       673,    283177,        49,         2,    283228,       128,      0.12,      0.11,      0.01
       674,    283178,        50,         0,    283228,         0,      0.12,      0.12,      0.00
       675,    283178,        50,         0,    283228,         0,      0.10,      0.10,      0.00
       676,    283178,        50,         0,    283228,         0,      0.08,      0.08,      0.00
       677,    283177,        49,         2,    283228,       128,      0.14,      0.12,      0.02
       678,    283178,        50,         0,    283228,         0,      0.11,      0.10,      0.00
       679,    283178,        50,         0,    283228,         0,      0.12,      0.12,      0.00
       680,    283175,        49,         4,    283228,       256,      0.14,      0.11,      0.03
       681,    283178,        50,         0,    283228,         0,      0.10,      0.10,      0.00
       682,    283178,        50,         0,    283228,         0,      0.12,      0.11,      0.00
       683,    283176,        49,         3,    283228,       192,      0.13,      0.11,      0.02
       684,    283177,        49,         2,    283228,       128,      0.14,      0.13,      0.01
       685,    283177,        49,         2,    283228,       128,      0.11,      0.10,      0.01
       686,    283174,        47,         7,    283228,       448,      0.18,      0.12,      0.06
       687,    283178,        50,         0,    283228,         0,      0.12,      0.12,      0.00
       688,    283178,        50,         0,    283228,         0,      0.11,      0.10,      0.00
       689,    283177,        46,         5,    283228,       576,      0.14,      0.10,      0.04
       690,    283178,        50,         0,    283228,         0,      0.12,      0.11,      0.00
       691,    283172,        49,         7,    283228,       512,      0.14,      0.11,      0.04
       692,    283132,         0,        96,    283228,      6464,      0.68,      0.11,      0.57
       693,    283177,        49,         2,    283228,       128,      0.14,      0.12,      0.02
       694,    283177,        40,        11,    283228,       704,      0.18,      0.12,      0.06
       695,    283178,        50,         0,    283228,         0,      0.11,      0.11,      0.00
       696,    283178,        50,         0,    283228,         0,      0.10,      0.10,      0.00
       697,    283178,        50,         0,    283228,         0,      0.09,      0.09,      0.00
       698,    283178,        50,         0,    283228,         0,      0.10,      0.10,      0.00
       699,    283178,        50,         0,    283228,         0,      0.11,      0.11,      0.00
       700,    283177,        49,         2,    283228,       128,      0.12,      0.11,      0.01
       701,    283178,        50,         0,    283228,         0,      0.12,      0.12,      0.00
       702,    283177,        49,         2,    283228,       192,      0.13,      0.11,      0.01
       703,    283178,        50,         0,    283228,         0,      0.10,      0.10,      0.00
       704,    283178,        50,         0,    283228,         0,      0.12,      0.11,      0.00
       705,    283177,        49,         2,    283228,       128,      0.11,      0.10,      0.01
       706,    283178,        50,         0,    283228,         0,      0.11,      0.10,      0.00
       707,    283176,        49,         3,    283228,       192,      0.14,      0.12,      0.02
       708,    283175,        49,         4,    283228,       256,      0.15,      0.12,      0.03
       709,    283178,        50,         0,    283228,         0,      0.12,      0.11,      0.00
       710,    283178,        50,         0,    283228,         0,      0.10,      0.09,      0.00
       711,    283178,        50,         0,    283228,         0,      0.12,      0.12,      0.00
       712,    283177,        48,         3,    283228,       320,      0.12,      0.09,      0.02
       713,    283178,        50,         0,    283228,         0,      0.09,      0.09,      0.00
       714,    283177,        48,         3,    283228,       320,      0.09,      0.08,      0.00
       715,    283177,        48,         3,    283228,       320,      0.09,      0.08,      0.00
       716,    283178,        50,         0,    283228,         0,      0.10,      0.10,      0.00
       717,    283178,        50,         0,    283228,         0,      0.12,      0.12,      0.00
       718,    283177,        48,         3,    283228,       320,      0.09,      0.08,      0.00
       719,    283175,        42,        11,    283228,       704,      0.19,      0.11,      0.07
       720,    283177,        49,         2,    283228,       128,      0.13,      0.12,      0.01
       721,    283178,        50,         0,    283228,         0,      0.10,      0.10,      0.00
       722,    283177,        48,         3,    283228,       192,      0.14,      0.12,      0.02
       723,    283176,        48,         4,    283228,       512,      0.13,      0.10,      0.03
       724,    283178,        50,         0,    283228,         0,      0.09,      0.09,      0.00
       725,    283174,        49,         5,    283228,       320,      0.13,      0.10,      0.03
       726,    283178,        50,         0,    283228,         0,      0.10,      0.10,      0.00
       727,    283177,        49,         2,    283228,       128,      0.12,      0.10,      0.02
       728,    283176,        44,         8,    283228,       512,      0.18,      0.12,      0.05
       729,    283177,        49,         2,    283228,       128,      0.14,      0.13,      0.02
       730,    283178,        50,         0,    283228,         0,      0.10,      0.10,      0.00
       731,    283176,        49,         3,    283228,       256,      0.12,      0.10,      0.02
       732,    283178,        50,         0,    283228,         0,      0.11,      0.11,      0.00
       733,    283178,        50,         0,    283228,         0,      0.12,      0.12,      0.00
       734,    283178,        50,         0,    283228,         0,      0.10,      0.10,      0.00
       735,    283178,        50,         0,    283228,         0,      0.12,      0.12,      0.00
       736,    283178,        50,         0,    283228,         0,      0.11,      0.11,      0.00
       737,    283177,        49,         2,    283228,       128,      0.12,      0.10,      0.02
       738,    283177,        49,         2,    283228,       192,      0.12,      0.11,      0.02
       739,    283178,        50,         0,    283228,         0,      0.11,      0.11,      0.00
       740,    283178,        50,         0,    283228,         0,      0.12,      0.12,      0.00
       741,    283178,        50,         0,    283228,         0,      0.11,      0.11,      0.00
       742,    283177,        49,         2,    283228,       128,      0.13,      0.12,      0.01
       743,    283178,        50,         0,    283228,         0,      0.09,      0.09,      0.00
       744,    283175,        48,         5,    283228,       320,      0.15,      0.11,      0.03
       745,    283178,        50,         0,    283228,         0,      0.10,      0.10,      0.00
       746,    283176,        49,         3,    283228,       192,      0.13,      0.11,      0.02
       747,    283178,        50,         0,    283228,         0,      0.12,      0.12,      0.00
       748,    283178,        50,         0,    283228,         0,      0.12,      0.11,      0.00
       749,    283178,        50,         0,    283228,         0,      0.09,      0.08,      0.00
       750,    283178,        50,         0,    283228,         0,      0.11,      0.10,      0.00
       751,    283178,        50,         0,    283228,         0,      0.11,      0.11,      0.00
       752,    283178,        50,         0,    283228,         0,      0.09,      0.08,      0.00
       753,    283177,        49,         2,    283228,       128,      0.12,      0.11,      0.01
       754,    283177,        48,         3,    283228,       576,      0.12,      0.09,      0.02
       755,    283177,        49,         2,    283228,       128,      0.13,      0.11,      0.02
       756,    283174,        48,         6,    283228,       448,      0.16,      0.12,      0.04
       757,    283178,        50,         0,    283228,         0,      0.11,      0.11,      0.00
       758,    283178,        50,         0,    283228,         0,      0.10,      0.10,      0.00
       759,    283178,        50,         0,    283228,         0,      0.09,      0.09,      0.00
       760,    283178,        50,         0,    283228,         0,      0.12,      0.12,      0.00
       761,    283176,        49,         3,    283228,       192,      0.14,      0.12,      0.02
       762,    283178,        50,         0,    283228,         0,      0.10,      0.10,      0.00
       763,    283178,        50,         0,    283228,         0,      0.10,      0.10,      0.00
       764,    283176,        48,         4,    283228,       320,      0.13,      0.10,      0.02
       765,    283175,        49,         4,    283228,      1024,      0.11,      0.08,      0.02
       766,    283178,        50,         0,    283228,         0,      0.09,      0.08,      0.00
       767,    283177,        49,         2,    283228,       128,      0.12,      0.09,      0.02
       768,    283177,        49,         2,    283228,       128,      0.12,      0.11,      0.01
       769,    283178,        50,         0,    283228,         0,      0.10,      0.10,      0.00
       770,    283178,        50,         0,    283228,         0,      0.10,      0.10,      0.00
       771,    283178,        50,         0,    283228,         0,      0.08,      0.08,      0.00
       772,    283178,        50,         0,    283228,         0,      0.09,      0.08,      0.00
       773,    283178,        50,         0,    283228,         0,      0.12,      0.12,      0.00
       774,    283178,        50,         0,    283228,         0,      0.09,      0.09,      0.00
       775,    283178,        50,         0,    283228,         0,      0.11,      0.11,      0.00
       776,    283178,        50,         0,    283228,         0,      0.10,      0.10,      0.00
       777,    283178,        50,         0,    283228,         0,      0.10,      0.10,      0.00
       778,    283172,        47,         9,    283228,       576,      0.19,      0.13,      0.06
       779,    283178,        50,         0,    283228,         0,      0.09,      0.09,      0.00
       780,    283178,        50,         0,    283228,         0,      0.08,      0.08,      0.00
       781,    283178,        50,         0,    283228,         0,      0.11,      0.11,      0.00
       782,    283178,        50,         0,    283228,         0,      0.10,      0.10,      0.00
       783,    283178,        50,         0,    283228,         0,      0.11,      0.11,      0.00
       784,    283178,        50,         0,    283228,         0,      0.11,      0.11,      0.00
       785,    283178,        50,         0,    283228,         0,      0.09,      0.09,      0.00
       786,    283178,        50,         0,    283228,         0,      0.09,      0.09,      0.00
       787,    283178,        50,         0,    283228,         0,      0.10,      0.09,      0.00
       788,    283178,        50,         0,    283228,         0,      0.10,      0.10,      0.00
       789,    283178,        50,         0,    283228,         0,      0.10,      0.09,      0.00
       790,    283178,        50,         0,    283228,         0,      0.10,      0.10,      0.00
       791,    283177,        35,        16,    283228,     10368,      0.18,      0.07,      0.10
       792,    283176,        49,         3,    283228,       768,      0.11,      0.08,      0.02
       793,    283178,        50,         0,    283228,         0,      0.11,      0.10,      0.00
       794,    283178,        50,         0,    283228,         0,      0.11,      0.11,      0.00
       795,    283177,        48,         3,    283228,       192,      0.14,      0.11,      0.02
       796,    283178,        50,         0,    283228,         0,      0.10,      0.10,      0.00
       797,    283178,        50,         0,    283228,         0,      0.12,      0.12,      0.00
       798,    283177,        49,         2,    283228,       192,      0.12,      0.11,      0.01
       799,    283176,        48,         4,    283228,       384,      0.12,      0.09,      0.02
       800,    283177,        49,         2,    283228,       192,      0.12,      0.10,      0.01
       801,    283178,        50,         0,    283228,         0,      0.11,      0.11,      0.00
       802,    283178,        50,         0,    283228,         0,      0.11,      0.11,      0.00
       803,    283178,        50,         0,    283228,         0,      0.10,      0.09,      0.00
       804,    283177,        49,         2,    283228,       128,      0.12,      0.10,      0.02
       805,    283178,        50,         0,    283228,         0,      0.09,      0.09,      0.00
       806,    283178,        50,         0,    283228,         0,      0.12,      0.11,      0.00
       807,    283156,        39,        33,    283228,      2240,      0.32,      0.11,      0.20
       808,    283178,        50,         0,    283228,         0,      0.11,      0.11,      0.00
       809,    283176,        42,        10,    283228,       640,      0.20,      0.12,      0.08
       810,    283177,        49,         2,    283228,       512,      0.10,      0.09,      0.01
       811,    283177,        49,         2,    283228,       128,      0.14,      0.12,      0.02
       812,    283177,        49,         2,    283228,       128,      0.13,      0.12,      0.01
       813,    283178,        50,         0,    283228,         0,      0.11,      0.10,      0.00
       814,    283177,        48,         3,    283228,       256,      0.13,      0.11,      0.02
       815,    283178,        50,         0,    283228,         0,      0.10,      0.09,      0.00
       816,    283177,        47,         4,    283228,       960,      0.12,      0.09,      0.02
       817,    283178,        50,         0,    283228,         0,      0.10,      0.10,      0.00
       818,    283177,        49,         2,    283228,       192,      0.11,      0.09,      0.02
       819,    283174,        49,         5,    283228,      1920,      0.11,      0.08,      0.03
       820,    283178,        50,         0,    283228,         0,      0.12,      0.12,      0.00
       821,    283178,        50,         0,    283228,         0,      0.10,      0.10,      0.00
       822,    283177,        46,         5,    283228,       512,      0.13,      0.10,      0.04
       823,    283176,        48,         4,    283228,       256,      0.14,      0.12,      0.02
       824,    283177,        46,         5,    283228,       512,      0.10,      0.10,      0.00
       825,    283177,        49,         2,    283228,       128,      0.12,      0.10,      0.01
       826,    283177,        47,         4,    283228,       960,      0.13,      0.10,      0.02
       827,    283177,        47,         4,    283228,       960,      0.09,      0.09,      0.00
       828,    283177,        46,         5,    283228,       512,      0.10,      0.09,      0.00
       829,    283177,        46,         5,    283228,       512,      0.10,      0.09,      0.00
       830,    283178,        50,         0,    283228,         0,      0.10,      0.10,      0.00
       831,    283177,        49,         2,    283228,       128,      0.11,      0.10,      0.01
       832,    283176,        49,         3,    283228,       192,      0.13,      0.11,      0.02
       833,    283177,        47,         4,    283228,       320,      0.13,      0.10,      0.03
       834,    283178,        50,         0,    283228,         0,      0.10,      0.10,      0.00
       835,    283177,        48,         3,    283228,       192,      0.13,      0.11,      0.02
       836,    283178,        50,         0,    283228,         0,      0.12,      0.11,      0.00
       837,    283178,        50,         0,    283228,         0,      0.12,      0.11,      0.00
       838,    283178,        50,         0,    283228,         0,      0.10,      0.10,      0.00
       839,    283178,        50,         0,    283228,         0,      0.11,      0.11,      0.00
       840,    283177,        49,         2,    283228,       128,      0.10,      0.10,      0.00
       841,    283177,        46,         5,    283228,       512,      0.10,      0.09,      0.00
       842,    283178,        50,         0,    283228,         0,      0.11,      0.11,      0.00
       843,    283177,        47,         4,    283228,       960,      0.09,      0.08,      0.00
       844,    283177,        46,         5,    283228,       512,      0.10,      0.09,      0.00
       845,    283177,        46,         5,    283228,       512,      0.09,      0.09,      0.00
       846,    283178,        50,         0,    283228,         0,      0.10,      0.10,      0.00
       847,    283177,        46,         5,    283228,       512,      0.10,      0.09,      0.00
       848,    283177,        47,         4,    283228,       960,      0.09,      0.08,      0.00
       849,    283177,        49,         2,    283228,       128,      0.13,      0.11,      0.01
       850,    283177,        46,         5,    283228,       512,      0.10,      0.10,      0.00
       851,    283178,        50,         0,    283228,         0,      0.11,      0.11,      0.00
       852,    283178,        50,         0,    283228,         0,      0.10,      0.10,      0.00
       853,    283178,        50,         0,    283228,         0,      0.11,      0.10,      0.00
       854,    283177,        49,         2,    283228,       128,      0.13,      0.11,      0.01
       855,    283177,        46,         5,    283228,       512,      0.09,      0.09,      0.00
       856,    283177,        49,         2,    283228,       128,      0.13,      0.10,      0.02
       857,    283177,        46,         5,    283228,       512,      0.10,      0.10,      0.00
       858,    283177,        47,         4,    283228,       960,      0.09,      0.09,      0.00
       859,    283177,        49,         2,    283228,       128,      0.10,      0.09,      0.01
       860,    283177,        48,         3,    283228,       192,      0.12,      0.10,      0.02
       861,    283177,        47,         4,    283228,       960,      0.09,      0.08,      0.00
       862,    283177,        47,         4,    283228,       960,      0.09,      0.08,      0.00
       863,    283178,        50,         0,    283228,         0,      0.11,      0.10,      0.00
       864,    283178,        50,         0,    283228,         0,      0.10,      0.10,      0.00
       865,    283178,        50,         0,    283228,         0,      0.10,      0.10,      0.00
       866,    283178,        50,         0,    283228,         0,      0.09,      0.09,      0.00
       867,    283177,        48,         3,    283228,       192,      0.12,      0.09,      0.02
       868,    283177,        49,         2,    283228,       128,      0.11,      0.09,      0.01
       869,    283177,        49,         2,    283228,       128,      0.12,      0.11,      0.01
       870,    283178,        50,         0,    283228,         0,      0.11,      0.10,      0.00
       871,    283177,        46,         5,    283228,      1152,      0.14,      0.09,      0.04
       872,    283178,        50,         0,    283228,         0,      0.11,      0.10,      0.00
       873,    283173,        49,         6,    283228,       768,      0.13,      0.09,      0.04
       874,    283177,        46,         5,    283228,       320,      0.14,      0.10,      0.04
       875,    283172,        49,         7,    283228,       448,      0.16,      0.11,      0.05
       876,    283126,        47,        55,    283228,      3584,      0.45,      0.12,      0.32
       877,    283174,        47,         7,    283228,       448,      0.16,      0.12,      0.05
       878,    283115,        35,        78,    283228,      4992,      0.57,      0.10,      0.46
       879,    283178,        50,         0,    283228,         0,      0.13,      0.13,      0.00
       880,    283178,        50,         0,    283228,         0,      0.11,      0.11,      0.00
       881,    283178,        50,         0,    283228,         0,      0.10,      0.10,      0.00
       882,    283171,        41,        16,    283228,      5440,      0.21,      0.09,      0.12
       883,    283177,        46,         5,    283228,       320,      0.15,      0.11,      0.03
       884,    283177,        47,         4,    283228,       960,      0.14,      0.10,      0.03
       885,    283178,        50,         0,    283228,         0,      0.11,      0.11,      0.00
       886,    283178,        50,         0,    283228,         0,      0.08,      0.08,      0.00
       887,    283178,        50,         0,    283228,         0,      0.11,      0.11,      0.00
       888,    283176,        49,         3,    283228,       192,      0.14,      0.11,      0.02
       889,    283178,        50,         0,    283228,         0,      0.11,      0.11,      0.00
       890,    283178,        50,         0,    283228,         0,      0.11,      0.11,      0.00
       891,    283178,        50,         0,    283228,         0,      0.12,      0.11,      0.00
       892,    283178,        50,         0,    283228,         0,      0.09,      0.09,      0.00
       893,    283178,        50,         0,    283228,         0,      0.09,      0.09,      0.00
       894,    283177,        49,         2,    283228,       128,      0.12,      0.10,      0.02
       895,    283178,        50,         0,    283228,         0,      0.11,      0.11,      0.00
       896,    283177,        49,         2,    283228,       128,      0.10,      0.10,      0.00
       897,    283178,        50,         0,    283228,         0,      0.10,      0.09,      0.00
       898,    283177,        49,         2,    283228,       128,      0.10,      0.10,      0.00
       899,    283177,        49,         2,    283228,       128,      0.10,      0.10,      0.00
       900,    283176,        49,         3,    283228,       384,      0.11,      0.09,      0.02
       901,    283177,        49,         2,    283228,       320,      0.09,      0.07,      0.02
       902,    283166,        41,        21,    283228,      8320,      0.22,      0.09,      0.12
       903,    283166,        41,        21,    283228,      8320,      0.09,      0.09,      0.00
       904,    283166,        41,        21,    283228,      8320,      0.10,      0.09,      0.00
       905,    283178,        50,         0,    283228,         0,      0.08,      0.08,      0.00
       906,    283178,        50,         0,    283228,         0,      0.08,      0.08,      0.00
       907,    283175,        45,         8,    283228,       576,      0.17,      0.11,      0.06
       908,    283178,        50,         0,    283228,         0,      0.11,      0.11,      0.00
       909,    283177,        49,         2,    283228,       128,      0.12,      0.11,      0.01
       910,    283178,        50,         0,    283228,         0,      0.09,      0.09,      0.00
       911,    283178,        50,         0,    283228,         0,      0.10,      0.10,      0.00
       912,    283178,        50,         0,    283228,         0,      0.10,      0.10,      0.00
       913,    283169,        41,        18,    283228,      7104,      0.21,      0.09,      0.11
       914,    283175,        45,         8,    283228,       512,      0.16,      0.10,      0.05
       915,    283178,        50,         0,    283228,         0,      0.10,      0.09,      0.00
       916,    283178,        50,         0,    283228,         0,      0.10,      0.09,      0.00
       917,    283178,        50,         0,    283228,         0,      0.11,      0.11,      0.00
       918,    283178,        50,         0,    283228,         0,      0.12,      0.11,      0.00
       919,    283177,        49,         2,    283228,       128,      0.12,      0.10,      0.01
       920,    283177,        45,         6,    283228,      1280,      0.13,      0.09,      0.04
       921,    283178,        50,         0,    283228,         0,      0.11,      0.10,      0.00
       922,    283178,        50,         0,    283228,         0,      0.10,      0.10,      0.00
       923,    283178,        50,         0,    283228,         0,      0.10,      0.10,      0.00
       924,    283176,        49,         3,    283228,       576,      0.11,      0.09,      0.02
       925,    283177,        46,         5,    283228,       320,      0.16,      0.12,      0.04
       926,    283177,        49,         2,    283228,       128,      0.12,      0.10,      0.02
       927,    283175,        43,        10,    283228,      2112,      0.16,      0.09,      0.06
       928,    283173,        32,        23,    283228,      1472,      0.25,      0.12,      0.13
       929,    283173,        32,        23,    283228,      1472,      0.12,      0.12,      0.00
       930,    283178,        50,         0,    283228,         0,      0.10,      0.10,      0.00
       931,    283178,        50,         0,    283228,         0,      0.12,      0.11,      0.00
       932,    283178,        50,         0,    283228,         0,      0.11,      0.11,      0.00
       933,    283177,        42,         9,    283228,      2944,      0.14,      0.09,      0.05
       934,    283177,        42,         9,    283228,      2944,      0.10,      0.09,      0.00
       935,    283178,        50,         0,    283228,         0,      0.10,      0.10,      0.00
       936,    283178,        50,         0,    283228,         0,      0.12,      0.12,      0.00
       937,    283053,        23,       152,    283228,     10688,      1.01,      0.10,      0.90
       938,    283176,        49,         3,    283228,       512,      0.12,      0.09,      0.03
       939,    283176,        49,         3,    283228,       512,      0.08,      0.08,      0.00
       940,    283176,        49,         3,    283228,       576,      0.10,      0.07,      0.02
       941,    283178,        50,         0,    283228,         0,      0.10,      0.10,      0.00
       942,    283175,        47,         6,    283228,       384,      0.16,      0.12,      0.04
       943,    283172,        44,        12,    283228,      5568,      0.17,      0.10,      0.07
       944,    283177,        46,         5,    283228,       320,      0.16,      0.12,      0.04
       945,    283178,        50,         0,    283228,         0,      0.10,      0.10,      0.00
       946,    283177,        49,         2,    283228,       320,      0.08,      0.08,      0.01
       947,    283178,        50,         0,    283228,         0,      0.09,      0.09,      0.00
       948,    283178,        50,         0,    283228,         0,      0.12,      0.12,      0.00
       949,    283178,        50,         0,    283228,         0,      0.10,      0.10,      0.00
       950,    283177,        49,         2,    283228,       128,      0.11,      0.10,      0.01
       951,    283178,        50,         0,    283228,         0,      0.09,      0.09,      0.00
       952,    283176,        44,         8,    283228,       512,      0.15,      0.11,      0.04
       953,    283176,        48,         4,    283228,       384,      0.15,      0.11,      0.04
       954,    283178,        50,         0,    283228,         0,      0.11,      0.11,      0.00
       955,    283177,        49,         2,    283228,       128,      0.12,      0.10,      0.02
       956,    283178,        50,         0,    283228,         0,      0.10,      0.10,      0.00
       957,    283177,        49,         2,    283228,       128,      0.12,      0.10,      0.02
       958,    283176,        30,        22,    283228,      1408,      0.28,      0.13,      0.15
       959,    283177,        49,         2,    283228,       128,      0.11,      0.09,      0.01
       960,    283178,        50,         0,    283228,         0,      0.10,      0.10,      0.00
       961,    283177,        45,         6,    283228,       512,      0.15,      0.10,      0.04
       962,    283178,        50,         0,    283228,         0,      0.09,      0.09,      0.00
       963,    283178,        50,         0,    283228,         0,      0.10,      0.10,      0.00
       964,    283176,        45,         7,    283228,       448,      0.16,      0.11,      0.04
       965,    283176,        38,        14,    283228,       896,      0.17,      0.11,      0.06
       966,    283173,        39,        16,    283228,      1024,      0.21,      0.10,      0.11
       967,    283178,        50,         0,    283228,         0,      0.10,      0.09,      0.00
       968,    283178,        50,         0,    283228,         0,      0.12,      0.12,      0.00
       969,    283174,        49,         5,    283228,       384,      0.14,      0.11,      0.03
       970,    283177,        48,         3,    283228,       256,      0.13,      0.12,      0.02
       971,    283177,        48,         3,    283228,       256,      0.12,      0.12,      0.00
       972,    283176,        49,         3,    283228,       192,      0.15,      0.12,      0.03
       973,    283177,        49,         2,    283228,       128,      0.13,      0.11,      0.02
       974,    283171,        45,        12,    283228,      4800,      0.16,      0.08,      0.08
       975,    283177,        49,         2,    283228,       128,      0.12,      0.11,      0.01
       976,    283167,        38,        23,    283228,      1600,      0.24,      0.11,      0.12
       977,    283178,        50,         0,    283228,         0,      0.11,      0.11,      0.00
       978,    283178,        50,         0,    283228,         0,      0.10,      0.10,      0.00
       979,    283178,        50,         0,    283228,         0,      0.10,      0.10,      0.00
       980,    283177,        48,         3,    283228,       384,      0.12,      0.09,      0.02
       981,    283177,        49,         2,    283228,       192,      0.12,      0.10,      0.02
       982,    283178,        50,         0,    283228,         0,      0.10,      0.10,      0.00
       983,    283175,        49,         4,    283228,       320,      0.14,      0.11,      0.03
       984,    283176,        49,         3,    283228,       384,      0.11,      0.09,      0.02
       985,    283171,        47,        10,    283228,      2688,      0.14,      0.08,      0.06
       986,    283178,        50,         0,    283228,         0,      0.10,      0.10,      0.00
       987,    283178,        50,         0,    283228,         0,      0.09,      0.09,      0.00
       988,    283178,        50,         0,    283228,         0,      0.09,      0.09,      0.00
       989,    283173,        49,         6,    283228,      1472,      0.12,      0.07,      0.04
       990,    283177,        48,         3,    283228,       704,      0.11,      0.10,      0.01
       991,    283178,        50,         0,    283228,         0,      0.09,      0.09,      0.00
       992,    283178,        50,         0,    283228,         0,      0.09,      0.09,      0.00
       993,    283178,        50,         0,    283228,         0,      0.10,      0.10,      0.00
       994,    283177,        48,         3,    283228,       256,      0.10,      0.08,      0.01
       995,    283178,        50,         0,    283228,         0,      0.10,      0.10,      0.00
       996,    283177,        49,         2,    283228,       512,      0.10,      0.08,      0.02
       997,    283178,        50,         0,    283228,         0,      0.10,      0.09,      0.00
       998,    283178,        50,         0,    283228,         0,      0.10,      0.09,      0.00
       999,    283176,        49,         3,    283228,       320,      0.11,      0.09,      0.02
